gov-move-in-report	주민등록법 시행령	0015	00
gov-resident-register-copy	주민등록법 시행규칙	0007	00
gov-household-check-request	주민등록법 시행규칙	0015	00
gov-seal-certificate-poa	인감증명법 시행령	0013	00
gov-seal-report	인감증명법 시행령	0009	00
gov-business-registration-individual	부가가치세법 시행규칙	0004	00
gov-business-closure-report	부가가치세법 시행규칙	0009	00
gov-tax-invoice	부가가치세법 시행규칙	0014	00
gov-donation-receipt	소득세법 시행규칙	0045	02
gov-tax-correction-claim	국세기본법 시행규칙	0016	02
gov-4insure-acquisition	국민연금법 시행규칙	0006	00
gov-4insure-loss	국민연금법 시행규칙	0007	00
gov-pension-exemption	국민연금법 시행규칙	0028	00
gov-health-dependent-report	국민건강보험법 시행규칙	0001	00
gov-health-voluntary-continuation	국민건강보험법 시행규칙	0039	00
gov-separation-confirmation	고용보험법 시행규칙	0075	04
gov-parental-leave-benefit	고용보험법 시행규칙	0100	00
gov-maternity-leave-benefit	고용보험법 시행규칙	0105	00
gov-simple-substitute-payment	임금채권보장법 시행규칙	0003	02
gov-bid-participation	국가를 당사자로 하는 계약에 관한 법률 시행규칙	0003	00
gov-bid-form	국가를 당사자로 하는 계약에 관한 법률 시행규칙	0005	00
gov-housing-lease-report	부동산 거래신고 등에 관한 법률 시행규칙	0005	02
gov-lease-info-request	주택임대차계약증서상의 확정일자 부여 및 임대차 정보제공에 관한 규칙	0003	00
gov-vehicle-transfer-cert	자동차등록규칙	0015	00
gov-vehicle-transfer-registration	자동차등록규칙	0014	00
gov-mail-order-report	전자상거래 등에서의 소비자보호에 관한 법률 시행규칙	0001	00
gov-mail-order-change-report	전자상거래 등에서의 소비자보호에 관한 법률 시행규칙	0004	00
gov-mail-order-closure-report	전자상거래 등에서의 소비자보호에 관한 법률 시행규칙	0005	00
gov-food-business-report	식품위생법 시행규칙	0037	00
gov-admin-appeal	행정심판법 시행규칙	0030	00
gov-info-disclosure-request	공공기관의 정보공개에 관한 법률 시행규칙	0001	02
gov-id-card-loss-report	주민등록법 시행령	0034	00
